INSERT INTO tienda (nombre, direccion, telefono) VALUES
('TechZone', 'Av. Siempre Viva 123', '555-1234'),
('GigaStore', 'Calle Futura 45', '555-2345'),
('Electronix', 'Pasaje Digital 9', '555-3456'),
('CompuWorld', 'Av. Central 89', '555-4567'),
('CyberTech', 'Calle del Chip 101', '555-5678'),
('DigitalShop', 'Calle 7A #12-34', '555-6789'),
('TecnoMarket', 'Cra. 10 #23-45', '555-7890'),
('InfoWorld', 'Av. Internet 456', '555-8901'),
('SmartPoint', 'Calle 80 #45-67', '555-9012'),
('ByteStore', 'Cra. 33 #10-20', '555-0123'),
('MegaElectro', 'Av. Transistor 55', '555-1324'),
('ElectroCity', 'Calle 21 #15-98', '555-2435'),
('RedClick', 'Cra. 13 #33-66', '555-3546'),
('DataCenter Shop', 'Calle 60 #22-33', '555-4657'),
('NanoStore', 'Av. Pixel 10', '555-5768');

INSERT INTO proveedor (nombre, apellido, email, telefono) VALUES
('Carlos', 'Ramírez', 'carlos.ramirez@correo.com', '3111111111'),
('Laura', 'Gómez', 'laura.gomez@correo.com', '3222222222'),
('Andrés', 'Martínez', 'andres.martinez@correo.com', '3333333333'),
('María', 'Fernández', 'maria.fernandez@correo.com', '3444444444'),
('Juan', 'López', 'juan.lopez@correo.com', '3555555555'),
('Lucía', 'Torres', 'lucia.torres@correo.com', '3666666666'),
('Pedro', 'Díaz', 'pedro.diaz@correo.com', '3777777777'),
('Ana', 'Ríos', 'ana.rios@correo.com', '3888888888'),
('Javier', 'Soto', 'javier.soto@correo.com', '3999999999'),
('Valentina', 'Muñoz', 'valentina.munoz@correo.com', '3000000001'),
('Luis', 'Vargas', 'luis.vargas@correo.com', '3011111111'),
('Paula', 'Herrera', 'paula.herrera@correo.com', '3022222222'),
('Santiago', 'Cruz', 'santiago.cruz@correo.com', '3033333333'),
('Camila', 'Navarro', 'camila.navarro@correo.com', '3044444444'),
('David', 'Pérez', 'david.perez@correo.com', '3055555555');

INSERT INTO producto (nombre, categoria, precio, stock) VALUES
('iPhone 13', 'Celulares', 3800.00, 20),
('Galaxy S21', 'Celulares', 3200.00, 15),
('MacBook Pro', 'Laptops', 8500.00, 10),
('Dell XPS 13', 'Laptops', 7800.00, 12),
('Mouse Logitech', 'Accesorios', 120.00, 50),
('Teclado Mecánico', 'Accesorios', 300.00, 30),
('Placa Base ASUS', 'Componente Electrónico', 950.00, 8),
('Procesador Intel i9', 'Componente Electrónico', 1200.00, 6),
('Memoria RAM 16GB', 'Componente Electrónico', 400.00, 4),
('Cargador USB-C', 'Accesorios', 80.00, 60),
('Huawei P40', 'Celulares', 2100.00, 13),
('Lenovo IdeaPad', 'Laptops', 5000.00, 9),
('Monitor Samsung 24"', 'Accesorios', 700.00, 3),
('Disco SSD 1TB', 'Componente Electrónico', 550.00, 20),
('Xiaomi Redmi Note 11', 'Celulares', 1800.00, 17);

INSERT INTO cliente (nombre, apellido, email, telefono) VALUES
('Mario', 'Castillo', 'mario.castillo@correo.com', '3101111111'),
('Lucía', 'Morales', 'lucia.morales@correo.com', '3102222222'),
('Fernando', 'García', 'fernando.garcia@correo.com', '3103333333'),
('Paula', 'Salinas', 'paula.salinas@correo.com', '3104444444'),
('Esteban', 'León', 'esteban.leon@correo.com', '3105555555'),
('Mónica', 'Cifuentes', 'monica.cifuentes@correo.com', '3106666666'),
('Camilo', 'Ortiz', 'camilo.ortiz@correo.com', '3107777777'),
('Laura', 'Arango', 'laura.arango@correo.com', '3108888888'),
('Andrés', 'Ruiz', 'andres.ruiz@correo.com', '3109999999'),
('Tatiana', 'Nieto', 'tatiana.nieto@correo.com', '3110000000'),
('Ricardo', 'Mendoza', 'ricardo.mendoza@correo.com', '3111111222'),
('Natalia', 'Vera', 'natalia.vera@correo.com', '3112222333'),
('Jorge', 'Barrera', 'jorge.barrera@correo.com', '3113333444'),
('Isabel', 'Valle', 'isabel.valle@correo.com', '3114444555'),
('Carlos', 'Herrera', 'carlos.herrera@correo.com', '3115555666');

INSERT INTO venta (id_cliente, fecha_venta) VALUES
(1, '2025-03-01'),
(2, '2025-03-02'),
(3, '2025-03-03'),
(4, '2025-03-04'),
(5, '2025-03-05'),
(6, '2025-03-06'),
(7, '2025-03-07'),
(8, '2025-03-08'),
(9, '2025-03-09'),
(10, '2025-03-10'),
(11, '2025-03-11'),
(12, '2025-03-12'),
(13, '2025-03-13'),
(14, '2025-03-14'),
(15, '2025-03-15');

INSERT INTO detalle_venta (id_venta, id_producto, cantidad) VALUES
(1, 1, 1),
(2, 2, 2),
(3, 3, 1),
(4, 5, 3),
(5, 4, 1),
(6, 6, 2),
(7, 7, 1),
(8, 9, 2),
(9, 10, 4),
(10, 11, 1),
(11, 12, 2),
(12, 13, 1),
(13, 14, 2),
(14, 15, 1),
(15, 8, 1);

INSERT INTO producto_proveedor (id_producto, id_proveedor) VALUES
(1, 1),
(2, 2),
(3, 3),
(4, 4),
(5, 5),
(6, 6),
(7, 7),
(8, 8),
(9, 9),
(10, 10),
(11, 11),
(12, 12),
(13, 13),
(14, 14),
(15, 15);

INSERT INTO proveedor_tienda (id_tienda, id_proveedor) VALUES
(1, 1),
(2, 2),
(3, 3),
(4, 4),
(5, 5),
(6, 6),
(7, 7),
(8, 8),
(9, 9),
(10, 10),
(11, 11),
(12, 12),
(13, 13),
(14, 14),
(15, 15);
